1876036@ksom.ac.in	Ayesha Zameer
1705820@kiit.ac.in	Shalini
animeshranjan786@gmail.com	Animesh Ranjan
gunjanbehera3366@gmail.com	Gunjan Behera
ishanbasak1406@gmail.com	Ishan Basak
kprince0550@gmail.com	PRINCE KUMAR
sakshamgaur26@gmail.com	Saksham Gaur
ashutooshsubudhi@gmail.com	ashutosh subudhi
harshdvd10@gmail.com	Harsh Dwivedi
jaissid2015@gmail.com	Siddhant Jaiswal
1902054@kiit.ac.in	Siddhartha Roy
1806036@kiit.ac.in	KISHAN SINGH
raselcu.75@gmail.com	Md Rasel Bhuyan 
1806039@kiit.ac.in	Mayank kumar Singh
1903074@gmail.com	Sayandeep Poddar
tanya.rao10@gmail.com	M Tanya
aarushi.33.khare@gmail.com	Aarushi khare
yoyogreatmahan5@gmail.com	MAHAN
Aroraharshit0001@gmail.com	Harshit Kumar 
sudhansushekhar66@gmail.com	Sudhanshu Shekhar
1829076@kiit.ac.in	Prachi Jha
1829037@kiit.ac.in	Alapan chakraborty
1829078@kiit.ac.in	Prerna
1806498@kiit.ac.in	pritam
hrik1048@gmail.com	Shubhranshu Sekhar
rupamdutta888@gmail.com	Rupam Dutta
1806508@kiit.ac.in	Rupam Dutta
srd.official98@gmail.com	Soumya Ranjan Das
debalsaha04@gmail.com	Debal Saha 
pal.abhishek03012001@gmail.com	Abhishek Pal
1805178@kiit.ac.in	Vikrant vaibhav
ishumeethi@gmail.com	Sushant Shukla
1806403@kiit.ac.in	Priyanka
gouravdutta198@gmail.com	GOURAV DUTTA
sinhaanshuman27@gmail.com	Anshuman Sinha
rhea.parida@gmail.com	Rhea Parida
aryankrishan01@gmail.com	Aryan Krishan Sharma
1906293@kiit.ac.in	Tarini Venkataraman
1906151@kiit.ac.in	Aakriti  Sinha 
imaman07singh@gmail.com	Aman Singh
1805247@kiit.ac.in	Shreshtha Tiwari 
shaswatanand98@gmail.com	Shaswat Anand
1903078@kiit.ac.in	SOMIL SHAURYA
aarya0348@gmail.com	Abhinav Arya 
1906232@kitt.ac.in	Ankita Bhowmik 
pmnavneetrajput56@gmail.com	Navneet Kumar
aritra1503@gmail.com	Aritra Dasgupta
singhkunalkumar241@gmail.cim	Lingaraj Choudhary 
sinhabiswabasu@gmail.com	Biswabasu Sinha
Nks.study102000@gmail.com	Nitish kumar sonthalia
1shambhavikashyap1@gmail.com	Shambhavi Sinha 
1806034@kiit.ac.in	Karan kakkar
aman1998awesome@gmail.com	Utkarsh Shankar
mayankagcs@gmail.com	mayank kumar
1805397@kiit.ac.in	Manaswini Singh
1707369@kiit.ac.in	Karanveer singh
subhopianist19@gmail.com	Subhadip Mukherjee 
saifp739@gmail.com	Md Saif
rachitachowdhury2000@gmail.com	Rochita Chowdhury
majeepratyush20@gmail	Pratyush kumar Majee
1704389@kiit.ac.in	Sneh Sagar
akashexp5@gmail.com	Akash
1806256@kiit.ac.in	Srishti Chandrakar
1804228@kiit.ac.in	Arpan Bhattacharjee
eragon1729@gmail.com	Arnab Kumar Das
1806218@kiit.ac.in	Mansi Raj
ghoshrajasik@gmail.com	Rajasik Ghosh
aks.dheer@gmail.com	Dheer Saxena
1806557@kiit.ac.in	Megha kumari
1806019@kiit.ac.in	Anishka shukla
srijansingh244@gmail.com	Srijan Singh
vidsagrawal1812@gmail.com	Vidushi Agrawal
nandydeba2@gmail.com	Debasish Nandy
1830199@kiit.ac.in	Soham Chakraborty
vaibhavvishal40@gmail.com	Vaibhav Vishal
bratindra100898@gmail.com	Bratindra Bibek Bose 
1830180@kiit.ac.in	Ritarshi Chattaraj
1802284@kiit.ac.in	Amritanshu Anubhawi 
1828171@kiit.ac.in	Nitiksha Darshana 
ritzz1506@gmail.com	Ritika Ranjan
sanskritivijay@gmail.com	Sanskriti Vijay
salonibombay@gmail.com	Saloni Adhikari
rashrey2308@gmail.com	Rasika Kedia
1804047@kiit.ac.in	Samarth Bhandari
sahilgupta311220@gmail.com	sahil gupta
hepax@web-inc.net	<script>alert("hiii")</script>
rajdeepbanerjee1999@gmail.com	Rajdeep Banerjee
1829096@kiit.ac.in	SHUBHAJIT CHAKRABORTY
saswatnanda3@gmail.com	Saswat Nanda
sohiniseal66@gmail.com	Sohini
mihirani3011@gmail.com	Mihir Chaudhary
1728027@kiit.ac.in	Agnibha Bhattacharjya
1805518@kiit.ac.in	Sarthak nene
sbshreyabnrj@gmail.com	Shreya Banerjee
Shivansh619@yahoo.com	Shivaansh sharma
anurag.chatterjee717@gmail.com	anurag chatterjee
rishirajsaxena2@gmail.com	RISHI raj saxena
navneetpandey076@gmail.com	Navneet
olimukherjee2000@gmail.com	Oli Mukherjee
1905607@kiit.ac.in	Harsh Dwivedi
kshtjsharma9@gmail.com	Kshitij Sharma
1629153@kiit.ac.in	POULAMI MITRA
akashjaiswal.servers@gmail.com	Akash Jaiswal
akash.jaiswal.servers@gmail.com	Akash Jaiswal
kaulik01ghosh@gmail.com	Kaulik Ghosh
Agrawalshivam20@yahoo.in	Shivam Agrawal
anuragchatterjee718@gmail.com	Anurag Chatterjee
wajeehsaleh410@gmail.com	Wajeeh Saleh
deveshv56@gmail.com	Devesh Vishwakarma
anandhota27@gmail.com	Anand Hota
adityasahoo007@icloud.com	Aditya Sahoo
sabitadeepak99@gmail.com	Sabita Pradhan
1805801@Kiit.ac.in	Muskaan arora
Harshitajaiswalvns029@gmail.com	Harshita 
mansisharma.y2k@gmail.com	Mansi Sharma
somdattosen@gmail.com	Somdatto Sen
prwittika@gmail.com	Rwittika Pramanik
parnashreekundu356@gmail.com	Parnashree Kundu
1806257@kiit.ac.in	Srishty Goyal 
sayandip2000@gmail.com	Sayandip Dey
pavishamahajan2001@gmail.com	Pavisha Mahajan
Cuteangelaiswarya@gmail.com	Aiswarya priyadarshini
amritashaadhikari@gmail.com	Amritasha Adhikari
srivastavapriyansh2499@gmail.com	Priyansh Srivastava
nishitasareen2000@gmail.com	Nishita
deysoumyaranjan240@gmail.com	Soumya Ranjan Dey
ka.abhi12e@gmail.com	Kumar Abhishek
19202195@ksom.ac.in	Zeba Yasmeen
sagnikbagchi2301@gmail.com	Sagnik Bagchi
Kumarishuvangi@gmail.com	Shuvangani raj 
lipsaprusty14@gmail.com	Lipsa Prusty
swainrosalin10@gmail.com	Rosalin Swain
1705825@kiit.ac.in	Shubham Banerjee
shreyash.shantanu@gmail.com	Shreyash
maitynilu.sp.13.blue@gmail.com	Nilotpal Maity
shuvrajyotimukherjee791@gmail.com	shuvrajyoti mukherjee
prayagraj29@gmail.com	Prayag Raj Patra
1802215@kiit.ac.in	Aditya Bhushan Singh
19202129@ksom.ac.in	T SRABANI PATRO
muddamsettyyashraj@gmail.com	M yash raj
ashmitasinharoy28@gmail.com	Ashmita Sinha Roy
sayanmishra2000@gmail.com	Sayan mishra
1806247@kiit.ac.in	shruti gupta
1999sankita@gmail.com	Ankita Sahoo
akanshaverma082@gmail.com	Akansha Verma
rspt194@gmail.com	Rudra Prasad Maharana
myredmi1601@gmail.com	RAVI PRAKASH
sumanrajak2001@gmail.com	Suman Rajak
1604496@kiit.ac.in	Gunjeet Kumar
aditya281999@gmail.com	Aditya Atmakuri
krishnakumardps@gmail.com	Krishna kumar
1805351@kiit.ac.in	Sumit Agrawal
1808039@kiit.ac.in	Sayan Basu
1805435@kiit.ac.in	Spriha Mandal 
satyamsinghrathore85@gmail.com	Satyam Singh Rathore
Rajosikhanra45@gmail.com	Rajosi Khanra
shivanshsai@gmail.com	Shivansh Singh
vizshawz2@gmail.com	VISHAL SHAW
ayushpadia@gmail.com	Ayush
ruchirjain452@gmail.com	Ruchir jain
1728275@kiit.ac.in	Kunal Roy
harrshvardhan@gmail.com	GM Harshvardhan
tush2298@gmail.com	Tushar Srivastava
1807050@kiit.ac.in	Shubhangi ranjan
1703112@kiit.ac.in	Soham Majumdar
Srishtimishra20@gmail.com	Sristi misra
19202207@ksom.ac.in	Ankita Mishra
satabdijena23@gmail.com	Satabdi Jena
Akanksha49101@gmail. Com	Akanksha
1876080@ksom.ac.in	Muskan Agrawal
arindasurajit@gmail.com	Surajit Arinda
1705353@kiit.ac.in	RISHI raj saxena
rrs226020@gmail.com	RISHI raj saxena
1805668@kiit.ac.in	KUMAR ANIRUDH 
shipharh265@gmail.com	Seemran
abhishiktanayak24@gmail.com	Abhishikta Nayak
phillsemi07@gmail.com	prateek singh
adhyan.maji1999@gmail.com	Adhyan Maji
1806543@kiit.ac.in	Akriti Singh
1806543@gamil.com	Akriti Singh
1805694@kiit.ac.in	Saumya
1804382@kiit.ac.in	Himanshu Ranjan
1876024@ksom.ac.in	Anubhuti Baranwal 
1876001@ksom.ac.in	a priyanka
yashvimahapatra201@gmail.com	Yashvi Mahapatra
anupamasweety145@gmail.com	Anupama Bali
anshulaj999@gmail.com	Anshul Jain
1704491@kiit.ac.in	Akash Ghosh 
1806382@kiit.ac.in	Hritthik Bose
ritikakerketta101@gmail.com	Ritika Kerketta
1805084@kiit.ac.in	Umang Gupta
1828280@kiit.ac.in	Sristi Ghosh
1906293@kitt.ac.in	Tarini Venkataraman
umanggupta992018@gmail.com	Umang Gupta
1806069@kiit.ac.in	Shivani kumari
1776034@ksom.ac.in	Ashutosh Nayak 
1806078@kiit.ac.in	Souvik banerjee
1806026@kiit.ac.in	Avipsa Sahoo
omkarmohanty802@gmail.com	Omkar Mohanty
jikmikps30@gmail.com	Jikmik P Saikia
it.zpallabikabora2000@gmail.com	Pallabika Bora
dasguptapoulami2015@gmail.com	Poulami DasGupta
manav.specticoid@gmail.com	Manav Arora
1731003@kiit.ac.in	Anukriti 
1702445@kiit.ac.in	Ayush sharma
nomail4suryachatterjee@gmail.com	SURYA SEKHAR CHATTERJEE 
1829102@kiit.ac.in	Somya sai biswal
chakrabortysaswata12@gmail.com	Saswata chakraborty 
1629.1.89@kiit.ac.in	Akash Jaiswal
1.629.1.89@kiit.ac.in	Akash
akishtagram@gmail.com	Akash
bhavaya45@gmail.com	Shubhkirti Gupta
1604488@kiit.ac.in	Ayush Bandopadhyay
biswaskakoli332@gmail.com	Kakoli Biswas 
1608010@kiit.ac.in	Anannya Sarkar
1803078@kiit.ac.in	Ashutosh Yadav
mishra8021@gmail.com	Utkarsh Mishra
shikhashivalika@gmail.com	Shikha Shrivastava 
1805019@kiit.ac.in	Anvesh Chordia 
1803133@kiit.ac.in	Jyotirmaya Sahu
shaimatasneemahmed@gmail.com	Shaima Ahmed
sayak2000@gmail.com	Sayak Mukherjee
1801607@kiit.ac.in	Saini dey
1728149@kiit.ac.in	Sonali Behera
akshatdaruka@gmail.com	Akshat Daruka
twinkle13500@gmail.com	twinkle sinha
ananyarout158@gmail.com	Ananya Rout
s99.mahek@gmail.com	Mahek Saraogi
1805587@kiit.ac.in	Niharika Priya
shazrairshad98@gmail.com	shazra irshad
shreyaranjan05@gmail.com	Shreya Ranjan
1805014@kiit.ac.in	Anoushka Khandelwal
1606053@kiit.ac.in	Shefali
crazy.raj49@gmail.com	Ayush Rajaj
gegemegargee@gmail.com	Gargee Banerjee
sayantikadesd@gmail.com	Sayantika  De
Sumitnathjha@gmail.com 	Sumit nath jha
1806219@kiit.ac.in	MAYANK KISHOR
Adityatiwari2024@gmail.com	Aditya kumar
1806223@kiit.ac.in	Pramit Tarafder
1806187@kiit.ac.in	Aditya kumar
eepsita4@gmail.com	Eepsita Kurmi
sagnik.rukaihalder@gmail.com 	Sagnik halder 
arnasajuti@gmail.com	Sejyoti Chakraborty
gjyashgupta2101@gmail.com	Yash Gupta
1807217@kiit.ac.in	Sayantan mitra
saptarshi.qwerty33@gmail.com	Saptarshi Bhattacharjee
1829155@kiit.ac.in	Jayanjan Bhattacharya
pragya.s.baghel@gmail.com	Pragya Singh
singhshrishti66@gmail.com	Shrishti Singh
1806510@kiit.ac.in	Sahil Kumar
sukrit14d@gmail.com	Sukrit Saha
raunak.deybhowmick@gmail.com	Raunak Dey Bhowmick
mejayanjan99@gmail.com	Jayanjan Bhattacharya
1705664@kiit.ac.in	Vaibhav Kumar
1806459@kiit.ac.in	Anjani kumar singh
ramsureka007@gmail.com	Utsav sureka
1806267@kiit.ac.in	Utsav sureka
1705691@kiit.ac.in	Chandra Kant 
1804571@kiit.ac.in	Archish Chatterjee 
1804276@kiit.ac.in	Udit sureka
niket.dujari@gmail.com	Niket Dujari
jatincharak02@gmail.com	Jatin singh
subhranshunayak13@gmail.com	Subhranshu
vinzvignz@gmail.com	Vinay Vignesh
agnivapal2909@gmail.com	AGNIVA PAL
sourajit1111@gmail.com	Sourajit Mukherjee
apps.shruti@gmail.com	Apurva Shruti
1829235@kiit.ac.in	Sanskriti Vijay
shobhitatjampot@gmail.com	Shobhit Kumar
shouryashikhar@gmail.com	Shourya Shikhar
logintorishabh000@gmail.com	Rishabh Sharma
rajeshwariguharay1120@gmail.com	Rajeshwari Guharay
Sdikshant89@gmail.com	Dikshant sharma
Asthadas2608@gmail.com	Astha das
dipeshwins@gmail.com	Dipesh Yadav
abhisansa@gmail.com	Abhisansa
1830012@kiit.ac.in	Arjita Chatterjee
pradyutsingh10@gmail.com	Pradyut Singh
1907adicool@gmail.com	Aditya kumar sinha
1830208@kiit.ac.in	VEDANT TIBREWAL
samudrabhaumik@gmail.com	Samudra bhaumik
1707127@kiit.ac.in	PRIYANKO GHOSH 
1876077@ksom.ac.in	Mitali Ghosh
rahulj06.rj@gmail.com	Rahul Jain
das2sayanak@gmail.com	Sayanak Das
Aka.sh ja.s1996@gmail.com	Akash Jaiswal
1705103@kiit.ac.in	Abhradeep Khan
Jyotishmankalita50@gmail.com	Jyotishman Kalita
chandranidas421@gmail.com	chandrani das
ramsonshivaditya@gmail.com	Shivaditya Singh
pattanaiksubham61@gmail.com	Subham pattanaik
sourinsarkar47@gmail.com	Sourin Sarkar
1806589@kiit.ac.in	Aswin Raj
kiritmishra1998@gmail.com	KIRIT MISHRA
madhurimachoudhury08@gmail.com	Madhurima Choudhury
1806531@kiit.ac.in	Titiksha Pandey
shreyapuja509@gmail.com	Alolika Ghosh
jaya20kushwaha@gmail.com	Jaya Kushwaha
aadi.grover13@gmail.com	Aditi Grover
1876027@ksom.ac.in	Anwesha
1806071@kiit.ac.in	Shriya
1876017@ksom.ac.in	Amrita swain
1806452@kiit.ac.in	Aditi
1805224@kiit.ac.in	Mrinank Purwar
1806062@kiit ac.in	Sarjana
anushkamishra1172000@gmail.com	Anushka Mishra
1806481@kiit.ac.in	Krittika Ghosh 
1806537@kiit.ac.in	vikash kumar
1730008@kiit.ac.in	Ahana Roy
pragyacprakash@gmail.com	Pragya
sarada8900@gmail.com	Sarada prasad sahoo
akarshna.sahu@gmail.com	Akarshna Sahu
madhuresh91394@gmail.com	Madhuresh ranjan
Harshtiwary001@gmail.com	Harsh Tiwary 
ranjansrishti4@gmail.com	Srishti
1805570@kiit.ac.in	Divya Kumari
1806485@kiit.ac.in	Manisha Agrawal
1829030@kiit.ac.in	Aanchal
1805293@kiit.ac.in	Deepak Ranjan
bhavya7920@gmail.com	Bhavya Goyal
roshikakashyap@gmail.com	Roshika Kashyap
1806594@kiit.ac.in	Shradha Agrawal
ananyasingh5.as@gmail.com	Ananya
1828157@kiit.ac.in	Diksha Shree
1828070@kiit.ac.in	Ishika Bhaumik
1805327@kiit.ac.in	Roshika Kashyap
Suchismitamohanty2001@gmail.com	Suchismita mohanty
1828053@kiit.ac.in	Anshul Chaudhary
1828110@kiit.ac.in	Snigdha Panda
1805692@kiit.ac.in	sahil gupta
anirudh10rox@gmail.com	Kumar Anirudh
supurna1999@gmail.com	SUPURNA SADHUKHAN
1805172@kiit.ac.in	Tanmay Khatri
1805152@kiit.ac.in	Rohan sharma
ankuanand46@gmail.com	Anku Anand
anshuljha698@gmail.com	Anshul Jha
rohansinha750@gmail.com	Rohan Sinha
wwwavi745@gmail.com	Avirup Banerjee
idark1406@gmail.com	Rohit Kumar
1806360@kiit.ac.in	Vinit Kashyap
raymultis6@gmail.com	Aastha Shukla
1828092@kiit.ac.in	Rhea jha
preetam21081998@gmail.com	Preetam Das
meghnakarmakar52@gmail.com	Meghna karmakar
thekingh.0208@gmail.com	Himanshu singh
sauravbhattacharyya1999@gmail.com	SAURAV BHATTACHARYYA
rishavsrvstv@gmail.com	RISHAV
1701042@kiit.ac.in	Nitish Kumar
1804115@kiit.ac.in	Priyanka Dalai
aishwarya.160499@gmail.com	Aishwarya Sahu
vaisnav.roy@gmail.com	VAISNAV ROY
swostikamohanty@gmail.com	Swostika Mohanty
nirajraut444@gmail.com	Niraj Ranjan Raut
1804472@kiit.ac.in	Shivam Goyal
vaishnavi.veenalaya@gmail.com	Vaishnavi
1807029@kiit.ac.in	Harsh Srivastava
akashdeep.ghosh67@gmail.com	Akash Ghosh
Kaustavroy49@gmail.com	Kaustav Roy 
siddhantsahil16@gmail.com	Siddhant
enquiry.roshan@gmail.com	roshan
payal.kakoti99@gmail.com	RWITIKA KAKOTI
avirupasaha5@gmail.com	Avirupa Saha
guddudash73@gmail.com	RASHMIRANJAN DASH
1828130@kiit.ac.in	Yuvraj Dhepe
amansmartu5@gmail.com	Aman raj
1982059@kls.ac.in	P ASHUTOSH ACHARY
ashmaagarwal29@icloud.com	Ashma Agarwal
sakshi.verma.0707@gmail.com	Sakshi Verma 
bhumiroy99@gmail.com	PRATYUSHA ROY 
nidhimangal912@gmail.com	Nidhi Mangal
1729175@kiit.ac.in	Sourav Rout
akruti482@gmail.com	Akruti Mishra
utkarshmak1@gmail.com	utkarsh manik
1828222@kiit.ac.in	Abhinav kumar
durgapaladiti04@gmail.com	Aditi Durgapal
swagatsuman771999@gmail.com	Swagat
1805191@kiit.ac.in	Anik Roy
1830201@kiit.ac.in	Srishty Singh
1830207@kiit.ac.in	Vedaant Singh
guptameheli@gmail.com	Meheli Gupta
1704618@kiit.ac.in	Rajkumar Sony 
1704642@kiit.ac.in	Shubham Kumar
prateek.chakra007@gmail.com	Prateek Chakra
1828159@kiit.ac.in	Dipti Yadav
dk6544318@gmail.com	Deepak kumar 
kirtitung@gmail.com	KIRTI BARDHAN TUNG
1805643@kiit.ac.in	Anshika Verma
1807183@kiit.ac.in	Bikram Bhattacharyya
1804056@kiit.ac.in	Sharmistha khan
Soumibanerjee187@gmail.com	Soumi  BANERJEE
112233@kiit.ac.in	Xyz
yashasvisah999@gmail.com	Yashasvi Sah
1805455@kiit.ac.in	Aditya Chaudhary 
1704637@kiit.ac.in	Soojata Gan
gargishivani13@gmail.com	Gargi Shivani
ayukluv@gmail.com	ayuska ashis saha
rohitmoda833@gmail.com	Rohit Moda
shibanimishra1999@gmail.com	Shibani Mishra
prajjwalitak123@gmail.com	Prajjwalita Kar
dsenapati12321@gmail.com	Debasish senapati
barmanrocks22@gmail.com	Rochisnu Barman
1805604@kiit.ac.in	Shambhvi sharma
shuvrapriya@gmail.com	Shuvra
test1@gmail.com	<script>alert(1);</script>
akshattewary08@gmail.com	Akshat Tewary
shovachoudhury72@gmail.com	Shova Chowdhury
rushav 2000@gmail.com	Rushav Das
satpathyjivanjyoti2000@gmail.	JIVAN JYOTI SATPATHY 
1729212@kiit.ac.in	RICHA KESHRI 
aditisaikia98@gmail.com	Aditi Saikia
allinonearpandutta@gmail.com	Arpan Dutta
1805238@kiit.ac.in	Sagnik Saha
rituparnaroy2020@gmail.com	Rituparna Roy
mayank.wadhwa10.mw@gmail.com	Mayank Raj Wadhwa
kumar.abhi10c@gmail.com	SUMIT JHA
Pragyanray7978@gmail.com	Pragyan Ray 
rraj226020@gmail.com	RISHI saxena
aniketshome6504@gmail.com	Aniket Shome
juniadali@gmail.com	Juniad Ali
ashwi780@gmail.com	Ashwi Priyadarshi
Ruthjaiswal2026@gmail.com	Harshita
priyanka.sonip13@gmail.com	Priyanka kumari
1805562@kiit.ac.in	Asmita
aeindrillabanerjee24@gmail.com	Aeindrilla Banerjee
as18061999@gmail.com	Ayush Harshit
singh.shreya1205	Shreya Singh
gaganbiharij@yahoo.com	Satabdi Jena
Deokuliar99@gmail.com	Shuvangani raj 
aninditabiswas527	Anindita Biswas
aaishwaryahalder@gmail.com	Aaishwarya Halder
1804260@kiit.ac.in	Sannidhya Singh
1728198@kiit.ac.in	Gauri Sachan
1708067@kiit.ac.in	Vandini_Srivastav
1805799@kiit.ac.in	Kshitiz Agarwal
1704687@kiit.ac.in	Kunal Singh 
justopenit420@gmail.com	ADITYA KUMAR SINGH
1706186@kiit.ac.in	Vanshika Gupta
1806047@kiit.ac.in	Preety Rout
1707266@kiit.ac.in	AYUSH AGARWAL
18202060@ksom.ac.in	Stuti
trissha.07@gmail.com	Trissha Samant
sudeshnaritz@gmail.com	Sudeshna 
ayan721301@gmail.com	Ayan Mukherjee
Uajab@gnail.com	Gudiya di
misha.singh.319@gmail.com	Misha Bharti
jesana369@gmail.com	ANANYA CHATTOPADHYAY
chitreshanand8@gmail.com	Chitresh Kaushal
beniwalsachin10@gmail.com	Sachin beniwal
1876062@ksom.ac.in	Isha agrawal
19202214@ksom.ac.in	CHANDAN KUMAR SAHU
1876109@ksom.ac.in	Rikita sethi
Abcd@gmail.com	Huah
aj123@gmail.com	Kusum jha
vedmathurespltd90@gmail.com	Vedant mathur
soumyadip.das4@gmail.com	Soumyadip Das
meghdut.windows@gmail.com	Meghdut Mandal
1729185@kiit.ac.in	Unnati Singh
akankshya41@gmail.com	Akankshya Panigrahi
18202246@ksom.ac.in	Priyanka Prusty
1804532@kiit.ac.in	SAYAN BANERJEE
1728023@gmail.com	Siddhant Prateek Mishra
ashutoshdixit4321@gmail.com	Ashutosh dixit
happyhimanshuvns@gmail.com	Himanshu kumar singh
subhamp055@gmail.com	Subham Prusty
iamkashishgulati@gmail.com	KASHISH GULATI
arpitalenka99@gmail.com	Arpita Lenka 
bhupender3103@gmail.com	Bhupender Singh 
harshsinha106@gmail.com	Harsh Sinha
1804286@kiit.ac.in	Anshul Rawat
1805036@kiit.ac.in	Khushboo kumari
Rrr21644@gmail.com	Syed abrar ali
leosarthak05@gmail.com	Sarthak Sinha 
1804533@kiit.ac.in	Sayan Paul
ashubest1999@gmail.com	Ashutosh
poorabanurag@gmail.com	Poorab Anurag
didrikshasonowal@gmail.com 	DIDRIKSHA SONOWAL
SAINI.DEY98@GMAIL.COM	Saini dey
dibyasrikarmakar09@gmail.com	Dibyasri Karmakar
angadnishi.bhilai@gmail.com	Angad pal singh
parnapahari2312@gmail.com	Parna Pahari
phukandristy@gmail.com	Dristy Phukan
1807364@kiit.ac.in	Barbie Banashri Gowalla
ghoshrish@gmail.com	Rishabh Ghosh
1804380@kiit.ac.in	Harsh Tiwari
aheerjeet6@gmail.com	Baljeet
1876025@ksom.ac.in	Anurag
saga.tama125@gmail.com	Swagatama Ghosh
1701001@kiit.ac.in	Abhash Aryan
arunimabasu99@gmail.com	Arunima Basu
1802362@kiit.ac.in	Mansi singh
ggarima543@gmail.com	Garima Gupta
akash.exp5@gmail.com	Akash Jaiswal
aditisonal143@gmail.com	Aditi Kumari
1804435@kiit.ac.in	APURBA DE 
1804359@kiit.ac.in	Anushqa
Nikhisharma08012001@gmail.com	Nikhil Sharma 
akashja.s1996@gmail.com	Akash Jaiswal
akash@gmail.com	Akash
pujaparulranchi123@gmail.com	puja parul
1603259@kiit.ac.in	puja parul
singhyashraj798@gmail.com	Yash Raj Singh
1630035@kiit.ac.in	Adrija Dey
dr.shyamsb@gmail.com	Shyam
apurbade13@gmail.com	Apurba De 
1707353@kiit.ac.in	Arnab bhattacharjee 
1707140@kiit.ac.in	SASWATA CHAKRABORTY 
ishitachandra2001@gmail.com	Ishita Chandra
arajjit@gmail.com	Aryan Raj
oishik36@gmail.com	oishik Mukherjee 
boffy95@gmail.com	Mrutyunjay Mishra
dhawalso20@gmail.com	Dhawal
rudit.09@gmail.com	Rudit Rahul
sanskarpathak99@gmail.com	Sanskar Pathak
avishekhdas99@gmail.com	Avishek Das
1705342@kiit.ac.in	Piyusha Kindo
preeshitadey07@gmail.com	Preeshita dey
aditi3628singh@gmail.com	Aditi Singh 
1728056@kiit.ac.in	Shreya Banerjee
ashutosh1242@gmail.com	Ashutosh Mahapatro
1905633@kiit.ac.in	Samarpita Saha
royssankar19@gmail.com	Shib Sankar Roy 
arjun.lal.7564@gmail.com	Arjun Lal
bitati112358sarkar@gmail.com	Bitati Sarkar
1801033@kiit.ac.in	Karsh Singh
rounak0306@gmail.com	Rounak
yashr689@gmail.com	Yash raj
dasavishek0408@gmail.com	Avishek Das
19202014@ksom.ac.in	Dibya Prakash Rath
asthakumar03@gmail.com	Astha Kumar
chiyasinghania25@gmail.com	Prakriti
dr.abhijeet93@gmail.com	Abhijeet Shekhar Singh
1806068@kiit.ac.in	Shashikant singh
tanusrisaha48992@gmail.com	TANUSRI  SAHA
1807374@kiit.ac.in	Nikita Kundu 
liyam2030@gmail.com	Kaushik Nayak
Srijalprasad@gmail.com	Srijal
1876003@ksom.ac.in	Aastha Agrawal
riya16das11@gmail.com	Debopriya Das
anku.kr.1010@gmail.com	ankit kumar
Khushichoudhary9011@icloud.com	Kaushiki 
gauravsahoo661999@gmail.com	Gaurav Sahoo
1703257@kiit.ac.in	Baibhav raj
1805600@kiit.ac.in	Sahil Bhatia
sumitkrmht2324@gmail.com	Sumit Kumar Mahato 
1704451@kiit.ac.in	Prigyansha Choubey
1729240@gmail.com	Sakshi  Agarwal 
abhisheksingh899991@gmail.com	Abhishek kumar Singh
1805505@kiit.ac.in	Pranjal Srivastava 
binita.binu5@gmail.com	Binita Panda
prashoo00n@gmail.com	prashoon chandrakar
1728047@kiit.ac.in	ANKITA SINGH
1705267@kiit.ac.in	Shankhadeep Das
tuisha@rocketmail.com	Tuisha
harshitkishlay8310@gmail.com	Harshit Kishlay
shubhamstar0293106@gmail.com	Shubham kumar
1804252@kiit.ac.in	Pushpal Ghoshal
aaryajhababa123@gmail.com	Abhinav Arya 
soumyakantbalbantray@gmail.com	Soumyakant Balabantaray
abhishekratan6@gmail.com	ABHISHEK RATAN
vish.manish2402@gmail.com	Manish Kumar 
sonalipriyadarshini1526@gmail.com	Sonali Priyadarshini
ghorairitabrata@gmail.com	Ritabrata Ghorai 
rishiraj353134@gmail.com	rishi raj
neelashis.banerjee@gmail.com	Neelashis 
slannytorres@gmail.com	Pratik Kumar Kuldeep
iamparijat07@gmail.com	Parijat Mitra 
ut19karsh@gmail.com	Uttkarsh Agrawal
1801101@kiit.ac.in	Jay
iramishraa@gmail.com	Ira Mishra 
rishukeshri2242000@gmail.com	Rishu keshri
tusharkhetan78@gmail.com	Tushar khetan
1803003@kiit.ac.in	Abhranil Manna
1806582@kiit.ac.in	Ashish Kumar
laurinaldwamina@gmail.com 	LAURINA L DWAMINA 
khushichoudhary9011@gmail.com	Kaushiki
muskansharma1424@gmail.com	Muskan Sharma 
1707084@kiit.ac.in	A G Anisha
pratyushshivam7@gmail.com	Pratyush Shivam
1707215@kiit.ac.in	Ritesh kumar 
1707108@kiit.ac.in	Janhavi
nrider215@gmail.com	nikhil kumar goyal
amanguleria81@gmail.com	Aman Guleria
gautamarjobi@gmail.com	Arjobi Gautam
1806065@kiit.ac.in	Saumyadev Maiti 
amanguleria09@gmail.com	Aman Guleria
shailly.shailja@gmail.com	Shailly Shailja
sunidhisingh914@gmail.com	Sunidhi singh
kumarrohit1250@gmail.com	Rohit kumar
1828273@kiit.ac.in	Satyam parashar
rockchips27@gmail.com	ARNAV GUPTA
ranjanh127@gmail.com	Himanshu Ranjan
mamabapuni@gmail.com	Nishan Acharya
7044102779sri@gmail.com	SrijaMukherjee
1805762@kiit.ac.in	Shivangi Das
koelbiswas459@gmail.com	Koel Biswas
1805294@kiit.ac.in	Devesh Vishwakarma
barunrajagrawal12@gmail.com	Barun
1807238@kiit.ac.in	SWAGAT SUMAN NAYAK
vivekkumar.13526@gmail.com	Vivek  Kumar
1806155@kiit.ac.in	Samikshya Sajal Shradha
1807129@kiit.ac.in	Rajdeep Banerjee
tejashwitapriya@gmail.com	Tejashwita Priya
999aditisingh999@gmail.com	Aditi Singh
subediupu@gmail.com	Medha
pandeyashok098@gmail.com	Ashok Kumar Pandey
manassri0802@gmail.com	Manas Srivastava
sethsayantika21@gmail.com	Sayantika Seth
vikrammohanty1221@gmail.com	Vikram Mohanty
1729081@kiit.ac.in	Suman Mondal 
anand786504@gmail.com	Arbab Iqbal
rajbiraj96@gmail.com	Sonu kumar yadav
akulsingh2013@gmail.com	AKUL SINGH
shivanirani816@gmail.com	Shivani rani
1705737@kiit.ac.in	Shivam Kumar Mahato
1805195@kiit.ac.in	Anubhab
1707374@kiit.ac.in	Namrata sharma
1705726@kiit.ac.in	Rudrajit Roy
1730005@kiit.ac.in	Aedma Simritha
1707352@kiit.ac.in	Apoorva 
1707042@kiit.ac.in	Saikat rajguru
1805965@kiit.ac.in	Rajesh Kumar Behera
somen30biswal@gmail.com	somen biswal
1706524@kiit.ac.in	Rakshit kumar
1806519@kiit.ac.in	Shreya Halder
akashpande1005@gmail.com	Akash Pande
swapnil.282K@gmail.com	Swapnil
1806520@kiit.ac.in	Shreyansh Chamola
Khankhn86@gmail.com	EHTESHAM AHMED
vaibh.geh@gmail.com	Vaibhav gehlot
1805142@kiit.ac.in	Prince Chandra
rimmukherjee21.sm@gmail.com	Shruti Mukherjee 
nishitaharsh27@gmail.com	Nishita
sabarishnair123@gmail. com	Sabarish Nair
1806503@kiit.ac.in	Richa Jha
1707367@kiit.ac.in	Kanchan
tanishka127.chhabra@gmail.com	Tanishka chhabra
1808026@kiit.ac.in	NAMAN SHARMA
sayanichakraborty71@gmail.com	Sayani Chakraborty 
1806313@kiit.ac.in	Karan Preet Singh
aakash199768@gmail.com	BADRI NARAYANA SAHOO
1804559@kiit.ac.in	Vaibhav Singh
jayakumari9399@gmail.com	Jaya kumari
mukeshmadansharma1999@gmail.com	Mukesh Sharma
singhpriyal1903@gmail.com	Puja singh
vsiri.narayana@gmail.com	V.Siri
samikshasingh0527@gmail.com	Samiksha Singh
1705872@kiit.ac.in	Amritansh Anand
1905365@kiit.ac.in	Vaibhav Gehlot
1805298@kiit.ac.in	gaurav kumar
subhavna24@gmail.com	Subhabana Dutta
kajalsah2@gmail.com	Kajal Kumari Sah
Girashree13@Gmail. Com	Girashree sahoo
1729011@kiit.ac.in	Ankit sharma
gagansinha4@gmail.com	Gagan
1804580@kiit.ac.in	Piu Ghosh
1806419@kiit.ac.in	SHAHEER ALAM
nikitapatro99@gmail.com	Nikita Patro
ravrj23@gmail.com	Ravi Raj
dasujoy1999@gmail.com	Sujay Das
19rishu.singh@gmail.com	Rishu singh
1706555@kiit.ac.in	Subhodeep Dutta
subhodeepdutta08@gmail.com	Subhodeep Dutta
reshabwrites@gmail.com	Reshab Agarwal
1775037@kiit.ac.in	Trupti Pradhan
1830078@kiit.ac.in	ANKITA PATSA
1775037@kitt.ac.in	Trupti Pradhan
1707343@kiit.ac.in	ANIK ROY
1705821@kiit.ac.in	Shambhavi
1707279@kiit.ac.in	Indrita Chandra 
avneetkaur1023@gmail.com	Avneet Kaur
abhitechmon@gmail.com	Abhishek Mondal
Srivastava. Shraddha 01@gmail.com	Shraddha Srivastava
0516066@gmail.com	Akansha singh
deepakdhawan256@gmail.com	Deepak kumar
1804609@kiit.ac.in	Siddarth Awasthi
1804588@kiit.ac.in	Sritam Panda
Aditimohanty884@gmail.com	Aditi
abhisheknanda7429@gmail.com	Abhishek
sudipta201403@gmail.com	Sudipta Bag
sudiptabag273@gmail.com	Pratik panda
sonualikhan8@gmail.com	Shoaib Ali Khan
1829097@kiit.ac.in	Shubhendu saurabh
1829034@kiit.ac.in	Adarsh kumar
1830093@kiit.ac.in	Eshan Dutt
sayanb2001@gmail.com	Sayan Banerjee
rishitayadav2000@gmail.com	Rishita
subhajitsarkar98s@gmail.com	SUBHAJIT SARKAR
arkajitsaha99@gmail.com	Arkajit Saha
annweshasarma@gmail.com	Annwesha Sarma
ashutoshdixit583@gmail.com	Ashutosh Kumar Dixit
shreyam.kashyap00@gmail.com	Shreyam
drtapan2014@gmail.com	TAPAN
1806160@kiit.ac.in	Shreya Suman
rajnishkrrai99@gmail.com	Rajnish Kumar Rai
1705121@kiit.ac.in	Apoorv Dahiya
1603106@kiit.ac.in	Shashi Bhushan rai
me.yk87@gmail.com	Yogesh Sharma 
mr.yk87@gmail.com	Yogesh Sharma 
1707342@kiit.ac.in	ANANDI DAS 
1707344@kiit.ac.in	ANIKET RANJAN 
tavishawasthy@gmail.com	Tavish Awasthy
abhilash.bhattacharya.14@gmail.com	Abhilash Bhattacharya
dey.shreya31@gmail.com	SHREYA DEY
shivamkarna12@gmail.com	Shivam Karna
arnabp52@gmail.com	ARNAB PAUL
khalidnajam7@gmail.com	khalid
mahalashokkumar@gmail.com	Ashok Kumar Mahal
vishal202@gmail.com	Vishal Dhakde
architsarkar.mail@gmail.com	Archit Sarkar
debabrata.1999@gmail.com	Debabrata Dagara
vivshrinet@gmail.com	Vivaswan Shrinet
sayakroychowdhury1398@gmail.com	Sayak Roy Chowdhury
rishavsinghus@gmail.com	Rishav
1704315@kiit.ac.in	Tanisha Jain
1703122@kiit.ac.in	Soumaydip Mondal
riaishani26@gmail.com	Ishani Sinha 
ritikmukherjee.145@gmail.com	Ritik Mukherjee
vermarishika2400@gmail.com	Rishika verma
1805034@kiit.ac.in	Kaumudi Kamal
aparnakujur29@gmail.com	Aparna
mayurrog1612@gmail.com	Mayur
1704361@kiit.ac.in	Mayank Kumar
asutoshpradhan1929@gmail.com	ASUTOSH PRADHAN
rhythm.simran2027@gmail.com	SIMRAN SHARMA
manoranjansharma22.2@gmail.com	Manoranjan kumar
neelanjan22@hotmail.com	NEELANJAN GHOSH
tavishichoudhary1999@gmail.com	Tavishi Choudhary
1705890@kiit.ac.in	Snigdha Khanna
1706077@kiit.ac.in	Satyaki Ghosh
gourav.baliyarsingh7@gmail.com	Gourav Baliyarsingh
1730073@kiit.ac.in	Adarsh kumar singh
mandalsoumi18@gmail.com	Soumi Mandal 
bidishachanda00@gmail.com	BIDISHA CHANDA 
ssrivast098@gmail.com	Shikhar Srivastava
hanshikamohanty@gmail.com	Hanshika Mohanty
1806441@kiit.ac.in	Surabhi Mitra
1829008@kiit.ac.in	Ashish kumar upadhyay
kanurout2018@gmail.com	Kumar Anubhab Rout
1805551@kiit.ac.in	Ankit kumar
sonuparitosh7@gmail.com	paritosh das
rajeshsahoo8793@gmail.com	Raj
Piasingh7435@gmail.com	Vidushi singh 
arijitbhattacharya99@gmail.com	Arijit  Bhattacharya
19202327@ksom.ac.in	Sally Saleh
lenkabinayak@gmail.com	Binayak Lenka
19202133@ksom.ac.in	Adarsh Kumar
1702119@kiit.ac.in	Pyankit
singhkhushal925@gmail.com	Khushal singh
AVADHER01@GMAIL.COM	ANJALI VADHER
1807105@kiit.ac.in	Kshitij kumar
anirbandey.242@gmail.com	anirban dey
pramachakraborty2007@gamil.com	PRAMA CHAKRABORTY
18202005@ksom.ac.in	aditya kumar rath
salmanakhtarjsr@gmail.com	Salman Akhtar
someshdps@gmail.com	Somesh Bhandari
sudhanshukmrjsr@gmail.com	Sudhanshu Kumar
1876071@ksom.ac.in	Mahashweta Mishra
19202095@ksom.ac.in	NEHA TABASSUM
1807172@kiit.ac.in	Anshuman
nirajsinghiitian@gmail.com	Niraj 
annjj0211@gmail.com	Anmol Mishra
1606226@kiit.ac.in	Shresth vashisth
rmajumder606@gmail.com	RAJDIP MAJUMDER
1603168@kiit.ac.in	Shubhrajit Deb Barman
seershasaha69@gmail.com	Seersha Saha
pramachakraborty2007@gmail.com	Prama chakraborty
1806059@kiit.ac.in	Sakshi rai
shreya.verma.ananya@gmail.com	Shreya Verma
shukla.little1999@gmail.com	Himanshu Shukla
omchaitanya9287@gmail.com	Om Chaitanya
asarangi5@gmail.com	Ashutosh Sarangi 
Kaustubhsrivastava30@gmail.com	Kaustubh Srivastava
aradhya.gogol18@gmail.com	Aradhya Chattopadhyay
1707192@kiit.ac.in	Chandrima
test2@gmail.com	<ahref="www.google.com">
rushali.mohapatra07@gmail.com	Rushali
1603095@kiit.ac.in	Rajat Majumder
1804172@kiit.ac.in	Kairavi
1801621@kiit.ac.in	Sheikh waris alam
pallabi.hzr@gmail.com 	Pallabi Hazra
1606307@kiit.ac.in	SNEHA SINGH
1829163@kiit.ac.in	Meghna Singh
1829179@kiit.ac.in	Romil Srivastava
rajdeepde.6753@gmail.com	Rajdeep De
1705160@kiit.ac.in	Rishivansh Patnaik
1705368@kiit.ac.in	Sugam Mishra
banarjee.jeet.91@gmail.com	Nirjhar
kumaranand11132@gmail.com	Anand Kumar
1702426@kiit.ac.in	Vivek Sinha
1805315@kiit.ac.in	Pranjal Subhash
ankitraj1356@gmail.com	ANKIT Raj
sngdhpandey@gmail.com	Snigdha 
anureetim@gmail.com	Anureeti Mazumder
1705281@kiit.ac.in	Trilok Bhattacharya
tanishasarkar999@gmail.com	Tanisha Sarkar
1805781@kiit.ac.in	Nikki Kumari
mahantababulikumar@gmail.com	BABULI KUMAR MAHANTA 
1705211@kiit.ac.in	Anuja Rose Lakra
rrastogimanas@gmail.com	manas Rastogi
barismitasingh@gmail.com	Barismita
1829014@kiit.ac.in	Debanshu Mutt
sonalnarayan99@gmail.com	Sonal narayan
shashwatsri19@gmail.com	Shashwat Srivastava
1829131@kiit.ac.in	Anwesh Panda
anweshabandyopadhyay12345678@gmail.com	Anwesha Bandyopadhyay 
Sharma.ayushr@gmail.com	Ayush Sharma
1807095@kiit.ac.in	Aryan Dani
1806244@kiit.ac.in	Shreema Shruti
1805803@kiit.ac.in	Shruti
rc021119@rediffmail.com	Rahul Chatterjee
rishitasarkar@gmail.com	Rishita Sarkar
riyamandal4@gmail.com	Riya Mandal
smrutiranjan636@gmail.com	Smruti Ranjan 
shubhampani810@gmail.com	Shubham pani
swatithakur0499@gmail.com	Swati
1707014@kiit.ac.in	Anusreeta roy 
abhinavkesarwani02@gmail.com	Abhinav kesarwani
chandakanant00@gmail.com	Anant Chandak
reechajha98@gmail.com	Richa Kumari
Priam.lodh@gmail.com	Priyam Lodh
abhirashmi2000@gmail.com	Abhirashmi Kumari 
1622022@kiit.ac.in	Oliver Queen
test3@gmail.com	Oliver Queen
2548	Oliver Queen
1622022@kiit.ac.in) AND 5161=3057 AND (1003=1003	Oliver Queen
1622022@kiit.ac.in) AND 3078=3078 AND (9499=9499	Oliver Queen
1622022@kiit.ac.in AND 7140=3075	Oliver Queen
1622022@kiit.ac.in AND 3078=3078	Oliver Queen
0	Oliver Queen
1	Oliver Queen
-9026	Oliver Queen
(SELECT CONCAT(0x7171706271,(SELECT (ELT(7860=7860,1))),0x716a7a6b71))	Oliver Queen
1802137@kiit.ac.in	UTSAV KUNDU
ayaneshdash8@gmail.com	Ayanesh Dash
1806165@kiit.ac.in	sneha singh
neetnayak1@gmail.com	Navneet Nayak
shreshthdiri@gmail.com	Shreshth Dimri
soumilisaha08@gmail.com	Soumili Saha
gaganrajsamantaray@gmail.com	Aryan Samantaray
sanchitaraj.gagan8@gmail.com	Aryan Samantaray
pragyanray444@gmail.com	Pragyan Ray
rishav13bhagat@gmail.com	Rishav Kumar
1729079@kiit.ac.in	Subhali Chatterjee
majhisambit2@gmail.com	SAMBIT KUMAR MAJHI
1805678@kiit.ac.in	Niyati Tiwari
sukrit.banerjee2000@gmail.com	Sukrit Banerjee
1804171@kiit.ac.in	Ipsita Roy
1804084@kiit.ac.in	Anusha Chakraborty
kcshivamkc@gmail.com	Shivam Choudhary
soumya.gh@hotmail.com	Soumya Ghosh
tarinichpanda619@gmail.com	Tarini Charan Panda
1804229@kit.ac.in	Arunima Joardar
1804229@kiit.ac.in	Arunima Joardar
priyaranjanbittu4@gmail.com	Priyaranjan Dash
1826027@kiit.ac.in	Aditya Prakash Dubey
freya.use9@gmail.com	Neha Gupta
Saptadeepbanerjee65@gmail.com	Saptadeep Banerjee
1704588@kiit.ac.in	Atmadeep Das
tusharydv2910@gmail.com	Tushar
sam16.ray@gmail.com	Sameer Ray
ray16031994@gmail.com	Rahul Ray
1705467@kiit.ac.in	Sreeja Sarkar
shreyasin97@gmail.com	Shreya
Adityaraj2810@gmail.com	Aditya raj
ritika.muskan.24@gmail.com	Ritika Singh
1706551@kiit.ac.in	Somya
achaudhary.chaudhary991@gmail.com	Aditya Chaudhary
indradiptochatterjee06@gmail.com	Indradipto Chatterjee
1806063@kiit.ac.in	Sarthak Sinha 
adeebullahsheikh@gmail.com	Adeebullah sheikh
siddhantprakashsiddhu@gmail.com	SIDDHANT PRAKASH
kumarjit110@outlook.com	Kumarjit Das
santupribaka@gmail.com	Santosh pribaka
guptaabhirashmi@gmail.com	Gaurav Jaiswal
1828242@kiit.ac.in	Gaurav S Kumar
prashant51999.kumar@gmail.com	Prashant Kumar
subhonice@gmail.com	Shubhojeet Bhattacharjee
raj16deepdas@gmail.com	Rajdeep Das
20saurabhsingh@gmail.com	Saurabh Singh 
1805150@kiit.ac.in	Rishika
mailanushaprakash@gmail.com	Anusha Prakash
1807359@kiit.ac.in	Utkarsha Rout 
sipu1999@gmail.com	Rohit Dubey
1705827@kiit.ac.in	Simran Gupta
surajmohanty08188@gmail.com	Suraj Kumar Mohanty
1805717@kiit.ac.in	Tuhinanshu Panda
19202254@ksom.ac.in	Subhrajit Kumar
1605050@kiit.ac.in	Sailesh Dwivedy
1705805@kiit.ac.in	Payal
Shrutisaxena530@gmail.com	Shruti Saxena
1804210@kiit.ac.in	Vidushi Shreya
1805160@kiit.ac.in	Shreya mathur
aditi461792@gmail.com	Aditi 
patnaik324@gmail.com	TIANNA PATNAIK
1806442@kiit.ac.in	Swagata Maity
1806385@kiit.ac.in	Khushali Pandya
akshat.agrawal710@gmail.com	Akshat Kumar Agrawal
1829241@kiit.ac.in	Sreya Chakraborty
anishkumarrowlo@gmail.com	Anish Kumar Rowlo
1706411	Diksha
1704089@kiit.ac.in	Akashdeep Chowdhury 
payel.ngp10@gmail.com	Payel Das
1806248@kiit.ac.in	Shubhankar
1907067@kiit.ac.in	Anish Agrawal 
1806458@kiit.ac.in	Ananya
roy.abhijay@gmail.com	Abhijay Roy
chandandheerajbalivada@gmail.com	B.Dheeraj Chandan
1629047@kiit.ac.in	Ankita Rout
1705223@kiit.ac.in	ATUL ANAND
19202022@ksom.ac.in	Nazia Firdaus 
1805192@kiit.ac.in	Ankita Singh
Lizaelzeblith@gmail.com	Mimansha Shekhar
1805558@kiit.ac.in	Arundhati
manisha.chhotray1993@gmail.com	Manisha Chhotray
snehcr7@gmail.com	sneh pranav
sbh.shruti@gmail.com	Shruti Gupta
1806251@kiit.ac.in	Sneh Pranav
nv.22122000@gmail.com	Navdeep Kumar
1806230@kiit.ac.in	Rashi pandey
1806252@kiit.ac.in	Soham Dey
1806242@kiit.ac.in	Shatarupa Sinha Roy
parashar.satyam2@gmail.com	Satyam
pradiptakishoresom@gmail.com	Pradipta Som
1805490@kiit.ac.in	JIVESH JAIRAJ
gengiskhan@gmail.com	"><script>alert(5)</script>
1805778@kiit.ac.in	vinay singh
1609035@kiit.ac.in	Mayukh Mistri
srijankumar21130@gmail.com	Srijan
1830212@kiit.ac.in	Yash Raj Singh
samarpratapsingh662001@gmail.con	Samar pratap singh
avigyanmohanty@gmail.com 	Avigyan Mohanty
ayushisingh2232@gmail.com	Ayushi Singh
1804097@kiit.ac.in	Jyotsna Kumari
vedikarashmi@gmail.com	Vedika Rashmi
1828068@kiit.ac.in	Esha Singh
debalsaha2000@gmail.com	Debal Saha 
anadityanarayan3@gmail.com	Aditya Narayan
1805268@kiit.ac.in	TUSAR RANJAN MAHAPATRA
1707311@kiit.ac.in	Saumya Jaiswal 
1828277@kiit.ac.in	Siddhartha Sinha
soumit601@gmail.com	Soumit Panda
bhardwaj.harsh152@gmail.com	Harsh Bhardwaj
1805389@kiit.ac.in	Gargi Mondal 
rajlaxmy26@gmail.com	Rajlaxmi Bakshy
anoushkasutradhar@gmail.com	Anoushka Sutradhar
guptamanav84@gmail.com	Manav Gupta
1806428@kiit.ac.in	Shreya ojha
ashutosh.ak100@gmail.com	Ashutosh Kar
1828102@kiit.ac.in	Shiladitya Roy
mrinmoysharma9@gmail.com	Mrinmoy Sharma
1806282@kiit.ac.in	Akarsh
aranidalui@gmail.com	Arani dalui
subhashreeadarsh@gmail.com	Sudeshna Dutta 
1929051@kiit.ac.in	Smriti Srivastava
rohan.rathaur22@gmail.com	Rohan Singh Rathaur
1606251@kiit.ac.in	Amar Kumar Jha
shobhankumar92@gmail.com	Shobhan kumar
ananyagoswami2016@gmail.com	Ananya Goswami
1728186@kiit.ac.in	Deepanshu Singh
1704103@kiit.ac.in	Chiranjit Majumder
askabhisheksinha29@gmail.com	Abhishek Sinha
harshsahay20@gmail.com	Harsh Sahay
harshitraj041@gmail.com	Harshit Raj
yashanand9@gmail.com	Yash anand
raghuvanshiutkarsh036@gmail.com	Utkarsh Raghuvanshi
joinpramath.t@gmail.com	PRAMATH TIWARI
ribhunag24@gmail.com	Debadeep Nag 
1803031@kiit.ac.in	Prateek singh
1704005@kiit.ac.in	Aditya chitransh
amankumar5150@gmail.com	Aman Kumar
aman01jain@gmail.com	Aman jain
1804570@kiit.ac.in	Anwesha Dutt
1804577@kiit.ac.in	Dhriti Goswami
1804075@kiit.ac.in	Abhishek Raj
1807296@kiit.ac.in	Rakesh kumar majhi
Samrat2nayak2012@gmail.com	Rajendra Narayan Nayak 
1804077@kiit.ac.in	Aditi Ananya Vani
1603185@kiit.ac.in	Yash anand
1826037@kiit.ac.in	OM SANDILYA THAKUR
pawanprakash.2013.pp@gmail.com	Pawan Prakash Prasad
1706024@kiit.ac.in	Antara Thakuria 
1729251@kiit.ac.in	Ankita Adhikary
san.bardhan9@gmail.com	Santadeep Bardhan
pranjalnigam06@gmail.com	Pranjal Nigam
19202043@ksom.ac.in	Smruti Sanjita Pattanaik
anshumanpratap48@gmail.com	Anshuman Pratap
clasm09@gmail.com	Nishant Singh
asgadget29@gmail.com	Anurag Sinha
1802379@kiit.ac.in	Suhasee sahu
1804245@kiit.ac.in	NAMRATA DAS
suhaseesahu12@gmail.com	Suhasee sahu
1705900@kiit.ac.in	Nidhi Bhattacherjee
1804320@kiit.ac.in	Pritisha Sahu 
rajshubham2112@gmail.com	Shubham Raj
kreetikalitayo@gmail.com	Kreetanjali
monishita16@gmail.com	Monishita Ghosh
1807339@kiit.ac.in	nishita sinha
1830036@kiit.ac.in	priyanshi srivastava
agarwalsiddhee15@gmail.com	Siddhee agarwal
1827056@gmail.com	Shashwat srivastava
1827023@gmail.com	Kg Priyanka 
aahana480@gmail.com	Susmita Saha
anirbanguha2k@gmail.com	ANIRBAN KUMAR GUHA
1703016@kiit.ac.in	Avinash Kumar
1729019@kiit.ac.in	Ateev Saxena
1806404@kiit.ac.in	Priyanshi Gupta
vipulsingh2019@gmail.com	Vipul 
patnaikpriyanka06@gmail.com	Priyanka
pritishagoswami123@gmail.com	Pritisha Goswami
ershadalikhan98@gmail.com	Ershad Ali khan
saurav.mail22@gmail.com	Saurav Chatterjee
1703198@kiit.ac.in	Divyendra
sudhanandapal607@gmail.com	Sudhananda Pal
1804241@kiit.ac.in	Megha Rajnandini
1807203@kiit.ac.in	Prashish Kumar
1807185@kiit.ac.in	Dhiman jyoti Das
1728251@kiit.ac.in	Pratiksha Shandilya
sparshdesai14@gmail.com	sparsh desai
muskaanjain2311@gmail.com	Muskaan Jain
Utkarshsoni07.us@gmail.com	Utkarsh
jaidewangan511@gmail.com	Swapnil Dewangan
1985013@kiit.ac.in	Ritwika Mazumdar
1876066@ksom.ac.in	Koushiki prasad
1706389@kiit.ac.in	Amrit Raj
vinayakpandey1309@gmail.com	Vinayak Pandey
1705377@kiit.ac.in	Ujjwal Kumar
1729020@kiit.ac.in	Atharv Jain
amitabhalla57@gmail.com	Amita Bhalla
1805748@kiit.ac.in	Pavisha Mahajan
1807073@kiit.ac.in	 YASH KUMAR 
Sulagnasrotaswini11@yahoo.com	Sulagna srotaswini 
1727044@kiit.ac.in	Abhishek kumar
1829210@kiit.ac.in	Achyut Yadav
smarak10@gmail.com	Smarak Parida
priyankadhal15@gmail.com	Priyanka Priyadarshini Dhal
1708044@kiit.ac.in	Shivam Tiwari
18202177@ksom.ac.in	Preeti Gayatri Swain
98prachisinha@gmail.com	Prachi Sinha
Sahidalikhan77@gmail.com	Sahid
Aryandeka62@gmail.com	Aryan
1807081@kiit.ac.in	Abhijnan Roy
ashima.ranjan10@gmail.com	Ashima Ranjan
muskaan2205arora@gmail.com	Muskaan arora
Kumarsujit5349@gmail.com	Sujit Kumar Gochhi 
JAISWALSHIVAM2009@GMAIL.COM	SHIVAM JAISWAL
luckyjena9437@gmail.com	Krutiranjanjena 
1676010@ksom.ac.in	Abhipsa Thakur
1728277@kiit.ac.in	anurag mohapatra
1876136@ksom.ac.in	Shubham agarwal 
riya.ronal2421@gmail.com	Riya
1876034@ksom.ac.in	Ayan Saha
shubham.kr2202@gmail.com	Shubham kumar
19202237@ksom.ac.in	Rudra Madhab Mishra
bidyaniwastripathy@gmail.com	Bidyaniwas Tripathy
soumyasagarika685@gmail.com	Soumya
19202055@ksom.ac.in	Sujoy Dasgupta
1704274@kiit.ac.in	Nayanika
1707200@kiit.ac.in	Ishan Das
1904252@gmail.com	Aryan Kumar
1904252@kiit.ac.in	Aryan Kumar
	Fggh
powecit@appmail24.com	Fggh
1876162@ksom.ac.in	Tavishi Choudhary
1707384@kiit.ac.in	Prerna Sinha
1605403@kiit.ac.in	Ronnie
1906549@kiit.ac.in	DANISH AHMED
Vinayaksooryavanshi@gmail.com	Vinayak singh
sudiptapadhi96@gmail.com	Sudipta
18202252@ksom.ac.in	Ridhima Sharma
anilrout899@gmail.com	Anil kumar rout 
rani97.radha@gmail.com	RADHA Rani 
rmdhananjay.ltd@gmail.com	R M Dhananjay
1705421@kiit.ac.in	Nischay
1805537@kiit.ac.in	Swagato Bag
1705459@kiit.ac.in	Sheetal Das 
arunavisekh529@gmail.com	Arun Avisekh
1706007@kiit.ac.in	AISHWARYA ADITYA
1929092@kiit.ac.in	Kshitiz priye